Common Name,Scientific Name,Description,Light Requirement,Water Requirement,Space,Maintenance Level,Shape and Form,Blooms or Foliage,Special Features,Foliage Color and Texture
Hibiscus,Hibiscus spp.,"Hibiscus is a popular tropical flowering plant known for its large, showy blooms in a variety of colors. They can be grown indoors in containers and thrive in bright light conditions.",High Light,Moisture-Loving,Large-Space Plant,Moderate-Maintenance,Upright Plant,Flowering Plant,,
Geranium,Pelargonium spp.,Geraniums are popular flowering plants with brightly colored blooms and aromatic foliage. They are well-suited for indoor container gardening and prefer medium to bright light.,Medium-Light to High-Light,Drought-Tolerant,Medium-Space Plant,Low-Maintenance,Upright Plant,Flowering Plant,Fragrant Plant,
Bromeliad,Bromeliaceae spp.,"Bromeliads are unique, tropical plants with a wide range of colors and patterns. They are typically low-maintenance and can adapt to various light conditions, making them a popular choice for indoor gardening.",Low-Light to High-Light,Drought-Tolerant,Medium-Space Plant,Low-Maintenance,Upright Plant,Flowering Plant,Unusual or Exotic Plant,
Clivia,Clivia miniata,"Clivia is an evergreen perennial plant known for its bright, trumpet-shaped flowers and dark green foliage. It thrives in low to medium light conditions and is relatively low-maintenance.",Low-Light to Medium-Light,Drought-Tolerant,Medium-Space Plant,Low-Maintenance,Upright Plant,Flowering Plant,,
Desert Rose,Adenium obesum,"Desert Rose is a succulent plant known for its swollen stem and vibrant, trumpet-shaped flowers. It thrives in bright light and requires little water, making it a popular choice for indoor gardening.",High-Light,Drought-Tolerant,Medium-Space Plant,Low-Maintenance,Upright Plant,Flowering Plant,Unusual or Exotic Plant,
Plumeria,Plumeria spp.,"Plumeria is a tropical plant known for its fragrant, colorful flowers and thick, fleshy leaves. It requires bright light and warm temperatures to thrive indoors.",High-Light,Drought-Tolerant,Large-Space Plant,Moderate-Maintenance,Upright Plant,Flowering Plant,Fragrant Plant,
Lantana,Lantana camara,"Lantana is a flowering plant with clusters of small, colorful flowers and a slightly aromatic scent. It prefers bright light and can be grown indoors in hanging baskets or containers.",High-Light,Drought-Tolerant,Small-Space Plant,Moderate-Maintenance,Climbing and Trailing Plant,,Fragrant Plant,
Kalanchoe,Kalanchoe spp.,"Kalanchoe is a group of succulent plants known for their colorful, long-lasting blooms and fleshy leaves. They are low-maintenance and thrive in bright light conditions.",High-Light,Drought-Tolerant,Small-Space Plant,Low-Maintenance,Upright Plant,Flowering Plant,,
Ficus,Ficus spp.,"Ficus is a diverse group of plants ranging from small shrubs to large trees. Popular indoor varieties include the Fiddle Leaf Fig and the Rubber Plant. Ficus plants generally prefer bright, indirect light and regular watering.",Medium-Light to High-Light,Moisture-Loving,Small-Space to Large-Space Plants (depending on species),Moderate-Maintenance,"Upright Plant, Bushy and Spreading Plant (depending on species)",Non-Flowering Plant,,
Norfolk Island Pine,Araucaria heterophylla,"Norfolk Island Pine is an evergreen tree with soft, needle-like foliage, often used as a decorative indoor plant. It prefers medium to bright light and moderate watering.",Medium-Light to High-Light,Moisture-Loving,Large-Space Plant,Moderate-Maintenance,Upright Plant,Non-Flowering Plant,,
Madagascar Dragon Tree,Dracaena marginata,"Madagascar Dragon Tree is a popular indoor plant with slender, woody stems and narrow, arching leaves with red margins. It is low-maintenance and adaptable to various light conditions.",Low-Light to High-Light,Drought-Tolerant,Medium-Space Plant,Low-Maintenance,Upright Plant,Non-Flowering Plant,,
Corn Plant,Dracaena fragrans,"Corn Plant is a popular houseplant known for its long, glossy, green leaves that resemble cornstalks. It is easy to care for and can tolerate a variety of light conditions.",Low-Light to Medium-Light,Drought-Tolerant,Medium-Space Plant,Low-Maintenance,Upright Plant,Non-Flowering Plant,,
Hoya,Hoya spp.,"Hoya is a group of tropical, climbing plants known for their waxy, star-shaped flowers and thick, fleshy leaves. They prefer bright, indirect light and are relatively low-maintenance.",Medium-Light to High-Light,Drought-Tolerant,Small-Space Plant,Low-Maintenance,Climbing and Trailing Plant,Flowering Plant,Fragrant Plant,
Aloe,Aloe spp.,"Aloe is a group of succulent plants known for their fleshy, spiked leaves that contain a gel with soothing properties. They are low-maintenance and thrive in bright light conditions.",High-Light,Drought-Tolerant,Small-Space Plant,Low-Maintenance,Upright Plant,Non-Flowering Plant,,
Crown of Thorns,Euphorbia milii,"Crown of Thorns is a succulent plant known for its spiny stems and small, colorful flowers. It requires bright light and well-draining soil to thrive indoors.",High-Light,Drought-Tolerant,Small-Space Plant,Moderate-Maintenance,Upright Plant,Flowering Plant,,
Panda Plant,Kalanchoe tomentosa,"Panda Plant is a succulent plant known for its fuzzy, silver-green leaves with brown tips. It is low-maintenance and prefers bright, indirect light.",High-Light,Drought-Tolerant,Small-Space Plant,Low-Maintenance,Upright Plant,Non-Flowering Plant,,
Peace Lily,Spathiphyllum spp.,"Peace Lily is a popular indoor plant known for its glossy, dark green leaves and elegant, white spathes that surround a central flower spike. It can tolerate low to medium light conditions and prefers consistent moisture.",Low-Light to Medium-Light,Moisture-Loving,Medium-Space Plant,Low-Maintenance,Upright Plant,Flowering Plant,Air-Purifying Plant,
Anthurium,Anthurium spp.,"Anthurium is a tropical plant known for its glossy, heart-shaped leaves and showy, long-lasting flowers in various colors. It thrives in bright, indirect light and requires consistent moisture.",Medium-Light to High-Light,Moisture-Loving,Medium-Space Plant,Moderate-Maintenance,Upright Plant,Flowering Plant,,
Spathiphyllum,Spathiphyllum spp.,"Also known as Peace Lily, Spathiphyllum is a popular indoor plant known for its glossy, dark green leaves and elegant, white spathes that surround a central flower spike. It can tolerate low to medium light conditions and prefers consistent moisture.",Low-Light to Medium-Light,Moisture-Loving,Medium-Space Plant,Low-Maintenance,Upright Plant,Flowering Plant,Air-Purifying Plant,
ZZ Plant,Zamioculcas zamiifolia,"ZZ Plant is a low-maintenance indoor plant with glossy, dark green leaves on thick, succulent stems. It can tolerate a wide range of light conditions and is drought-tolerant.",Low-Light to High-Light,Drought-Tolerant,Medium-Space Plant,Low-Maintenance,Upright Plant,Non-Flowering Plant,,
Snake Plant,Sansevieria trifasciata,"Snake Plant is a hardy, low-maintenance indoor plant known for its tall, stiff, sword-like leaves with distinctive patterning. It can tolerate various light conditions and requires minimal watering.",Low-Light to High-Light,Drought-Tolerant,Small-Space Plant,Low-Maintenance,Upright Plant,Non-Flowering Plant,Air-Purifying Plant,
Cast Iron Plant,Aspidistra elatior,"Cast Iron Plant is a hardy, low-maintenance indoor plant known for its long, dark green leaves. It can tolerate low light conditions and requires minimal care.",Low-Light,Moisture-Loving,Medium-Space Plant,Low-Maintenance,Upright Plant,Non-Flowering Plant,,
Dracaena,Dracaena spp.,"Dracaena is a diverse group of indoor plants known for their long, strap-like leaves and woody stems. They are generally low-maintenance and can tolerate various light conditions.",Low-Light to High-Light,Drought-Tolerant,Small-Space to Large-Space Plants (depending on species),Low-Maintenance,Upright Plant,Non-Flowering Plant,,
Parlor Palm,Chamaedorea elegans,"Parlor Palm is an elegant indoor plant with feathery, arching fronds. It prefers low to medium light conditions and consistently moist soil, making it an ideal choice for indoor environments.",Low-Light to Medium-Light,Moisture-Loving,Medium-Space Plant,Low-Maintenance,Upright Plant,Non-Flowering Plant,,
Chinese Evergreen,Aglaonema spp.,"Chinese Evergreen is a popular indoor plant known for its attractive, variegated foliage. It is low-maintenance and can tolerate a wide range of light conditions.",Low-Light to Medium-Light,Moisture-Loving,Small-Space Plant,Low-Maintenance,Upright Plant,Non-Flowering Plant,,
Dumb Cane,Dieffenbachia spp.,"Dumb Cane is a group of tropical plants known for their large, colorful, and patterned leaves. They prefer medium to bright light and consistent moisture.",Medium-Light to High-Light,Moisture-Loving,Medium-Space Plant,Moderate-Maintenance,Upright Plant,Non-Flowering Plant,,
Rubber Plant,Ficus elastica,"Rubber Plant is a popular indoor plant with large, glossy, dark green leaves. It prefers bright, indirect light and moderate watering.",Medium-Light to High-Light,Moisture-Loving,Large-Space Plant,Moderate-Maintenance,Upright Plant,Non-Flowering Plant,,
Calathea,Calathea spp.,"Calathea is a group of plants known for their striking, patterned foliage. They prefer medium to bright indirect light and consistent moisture.",Medium-Light,Moisture-Loving,Small-Space Plant,Moderate-Maintenance,Upright Plant,Non-Flowering Plant,,
Prayer Plant,Maranta leuconeura,"Prayer Plant is known for its colorful, patterned leaves that fold up at night, resembling hands in prayer. It prefers medium to bright indirect light and consistent moisture.",Medium-Light,Moisture-Loving,Small-Space Plant,Moderate-Maintenance,Bushy and Spreading Plant,Non-Flowering Plant,,
Philodendron,Philodendron spp.,Philodendron is a diverse group of plants with heart-shaped leaves that can be either trailing or upright. They are generally low-maintenance and can tolerate a variety of light conditions.,Low-Light to High-Light,Moisture-Loving,Small-Space to Medium-Space Plants (depending on species),Low-Maintenance,Climbing and Trailing Plants or Upright Plants (depending on species),Non-Flowering Plant,,
Staghorn Fern,Platycerium spp.,"Staghorn Fern is an epiphytic plant known for its unique, antler-like fronds. It prefers medium to bright indirect light and regular misting to maintain humidity.",Medium-Light to High-Light,Moisture-Loving,Medium-Space Plant,Moderate-Maintenance,Upright Plant,Non-Flowering Plant,,
Bromeliads,Bromeliaceae spp.,"Bromeliads are a diverse group of plants known for their unique, colorful foliage and flowers. They are generally low-maintenance and can tolerate a range of light conditions.",Low-Light to High-Light,Moisture-Loving,Small-Space to Medium-Space Plants (depending on species),Low-Maintenance,Upright Plant or Bushy and Spreading Plant (depending on species),Flowering Plant,,
Croton,Codiaeum variegatum,"Croton is an indoor plant known for its bold, colorful foliage with various patterns and shades. It prefers bright, indirect light and consistent moisture.",High-Light,Moisture-Loving,Small-Space Plant,Moderate-Maintenance,Upright Plant,Non-Flowering Plant,,Colorful Foliage
Fittonia,Fittonia spp.,"Fittonia, also known as Nerve Plant, is a small, compact plant with intricately veined, colorful leaves. It prefers medium to bright indirect light and consistent moisture.",Medium-Light,Moisture-Loving,Small-Space Plant,Moderate-Maintenance,Bushy and Spreading Plant,Non-Flowering Plant,,Colorful Foliage
Air Plants,Tillandsia spp.,"Air Plants are a group of unique, epiphytic plants that do not require soil to grow. They absorb water and nutrients from the air through their leaves. They prefer bright, indirect light and regular misting.",Medium-Light to High-Light,Moisture-Loving (through air),Small-Space Plant,Low-Maintenance,Upright Plant,Flowering Plant,,
Calathea ‘Fusion White’,Calathea hybrid,Calathea ‘Fusion White’ is a stunning hybrid with striking white and green variegated leaves. It prefers medium to bright indirect light and consistent moisture.,Medium-Light,Moisture-Loving,Small-Space Plant,Moderate-Maintenance,Upright Plant,Non-Flowering Plant,,Variegated Foliage
Calathea ‘Medallion’,Calathea roseopicta,"Calathea ‘Medallion’ is known for its large, round leaves with a striking pattern and deep purple undersides. It prefers medium to bright indirect light and consistent moisture.",Medium-Light,Moisture-Loving,Small-Space Plant,Moderate-Maintenance,Upright Plant,Non-Flowering Plant,,Colorful Foliage
Calathea ‘Peacock’,Calathea makoyana,"Calathea ‘Peacock’ features large, oval leaves with an intricate, peacock feather-like pattern. It prefers medium to bright indirect light and consistent moisture.",Medium-Light,Moisture-Loving,Small-Space Plant,Moderate-Maintenance,Upright Plant,Non-Flowering Plant,,Colorful Foliage
Calathea ‘Rattlesnake’,Calathea lancifolia,"Calathea ‘Rattlesnake’ has elongated, wavy-edged leaves with an eye-catching, dark green pattern and purple undersides. It prefers medium to bright indirect light and consistent moisture.",Medium-Light,Moisture-Loving,Small-Space Plant,Moderate-Maintenance,Upright Plant,Non-Flowering Plant,,Colorful Foliage
Calathea ‘White Fusion’,Calathea loeseneri,Calathea ‘White Fusion’ is a striking hybrid with white and green variegated leaves and a hint of pink. It prefers medium to bright indirect light and consistent moisture.,Medium-Light,Moisture-Loving,Small-Space Plant,Moderate-Maintenance,Upright Plant,Non-Flowering Plant,,Variegated Foliage
,,Ctenanthe lubbersiana is a tropical plant known for its striking patterned leaves with broad bands of yellow and green. It prefers medium to bright indirect light and consistent moisture.,Medium-Light,Moisture-Loving,Medium-Space Plant,Moderate-Maintenance,Upright Plant,Non-Flowering Plant,,Colorful Foliage
,,"Ctenanthe setosa features long, narrow leaves with a striking silvery-green pattern on the top and deep purple undersides. It prefers medium to bright indirect light and consistent moisture.",Medium-Light,Moisture-Loving,Medium-Space Plant,Moderate-Maintenance,Upright Plant,Non-Flowering Plant,,Colorful Foliage
,,"Ctenanthe burle-marxii, also known as the Fishbone Prayer Plant, has unique, fishbone-patterned leaves with a green top and deep purple underside. It prefers medium to bright indirect light and consistent moisture.",Medium-Light,Moisture-Loving,Small-Space Plant,Moderate-Maintenance,Upright Plant,Non-Flowering Plant,,Colorful Foliage
Janet Craig Dracaena,Dracaena deremensis ‘Janet Craig’,"Janet Craig Dracaena is a popular indoor plant known for its large, glossy, dark green leaves. It is low-maintenance and can tolerate low-light conditions.",Low-Light to Medium-Light,Drought-Tolerant,Large-Space Plant,Low-Maintenance,Upright Plant,Non-Flowering Plant,,
Lady Palm,Rhapis excelsa,"Lady Palm is an elegant, slow-growing indoor palm with fan-shaped, dark green leaves. It prefers medium to bright indirect light and consistent moisture.",Medium-Light,Moisture-Loving,Large-Space Plant,Moderate-Maintenance,Upright Plant,Non-Flowering Plant,,
Maranta,Maranta leuconeura,"Maranta, also known as the Red Prayer Plant, features oval leaves with striking red veins and a red midrib. The leaves fold up at night, resembling hands in prayer. It prefers medium to bright indirect light and consistent moisture.",Medium-Light,Moisture-Loving,Small-Space Plant,Moderate-Maintenance,Bushy and Spreading Plant,Non-Flowering Plant,,Colorful Foliage
Nerve Plant,Fittonia spp.,"Nerve Plant, also known as Fittonia, is a small, compact plant with intricately veined, colorful leaves. It prefers medium to bright indirect light and consistent moisture.",Medium-Light,Moisture-Loving,Small-Space Plant,Moderate-Maintenance,Bushy and Spreading Plant,Non-Flowering Plant,,Colorful Foliage
Snake Plant,Sansevieria spp.,"Snake Plant, also known as Mother-in-Law’s Tongue, is a popular indoor plant known for its upright, sword-like leaves with variegated patterns. It is low-maintenance and can tolerate low-light conditions.",Low-Light to High-Light,Drought-Tolerant,Small-Space Plant,Low-Maintenance,Upright Plant,Non-Flowering Plant,Air-Purifying Plant,
Warneckii Dracaena,Dracaena deremensis ‘Warneckii’,"Warneckii Dracaena is a popular indoor plant with long, slender leaves featuring white or yellow stripes. It prefers medium to bright indirect light and is low-maintenance.",Medium-Light,Drought-Tolerant,Medium-Space Plant,Low-Maintenance,Upright Plant,Non-Flowering Plant,,
Maidenhair Fern,Adiantum spp.,"Maidenhair Fern is a delicate indoor plant with fine, feathery fronds and dark, wiry stems. It prefers medium to bright indirect light and consistent moisture.",Medium-Light,Moisture-Loving,Small-Space Plant,High-Maintenance,Bushy and Spreading Plant,Non-Flowering Plant,,
Maranta,Maranta spp.,"Maranta, also known as the Prayer Plant, has oval leaves with striking patterns and colors. The leaves fold up at night, resembling hands in prayer. It prefers medium to bright indirect light and consistent moisture.",Medium-Light,Moisture-Loving,Small-Space Plant,Moderate-Maintenance,Bushy and Spreading Plant,Non-Flowering Plant,,Colorful Foliage
Arrowhead Plant,Syngonium podophyllum,Arrowhead Plant is an indoor plant with arrowhead-shaped leaves that change shape as the plant matures. It prefers medium to bright indirect light and consistent moisture.,Medium-Light,Moisture-Loving,Small-Space Plant,Low-Maintenance,Climbing and Trailing Plant,Non-Flowering Plant,,
Curly Spider Plant,Chlorophytum comosum ‘Bonnie’,"Curly Spider Plant is a popular indoor plant with arching, curly leaves and baby plantlets that dangle from the mother plant. It is low-maintenance and can tolerate a range of light conditions.",Low-Light to High-Light,Drought-Tolerant,Small-Space Plant,Low-Maintenance,Bushy and Spreading Plant,Non-Flowering Plant,Air-Purifying Plant,
Silver Philodendron,Scindapsus pictus,"Silver Philodendron, also known as Satin Pothos, features heart-shaped leaves with a silvery sheen. It prefers medium to bright indirect light and consistent moisture.",Medium-Light,Moisture-Loving,Small-Space Plant,Low-Maintenance,Climbing and Trailing Plant,Non-Flowering Plant,,Variegated Foliage
Philodendron ‘Brasil’,Philodendron hederaceum ‘Brasil’,Philodendron ‘Brasil’ is a popular indoor plant known for its heart-shaped leaves with a vibrant green and yellow pattern. It prefers medium to bright indirect light and consistent moisture.,Medium-Light,Moisture-Loving,Small-Space Plant,Low-Maintenance,Climbing and Trailing Plant,Non-Flowering Plant,,Variegated Foliage
Pothos,Epipremnum aureum,"Pothos, also known as Devil’s Ivy, is a popular indoor plant with heart-shaped leaves and a trailing growth habit. It is low-maintenance and can tolerate a range of light conditions.",Low-Light to High-Light,Drought-Tolerant,Small-Space Plant,Low-Maintenance,Climbing and Trailing Plant,Non-Flowering Plant,Air-Purifying Plant,
Spider Plant,Chlorophytum comosum,"Spider Plant is a popular indoor plant with arching, grass-like leaves and baby plantlets that dangle from the mother plant. It is low-maintenance and can tolerate a range of light conditions.",Low-Light to High-Light,Drought-Tolerant,Small-Space Plant,Low-Maintenance,Bushy and Spreading Plant,Non-Flowering Plant,Air-Purifying Plant,
Boston Fern,Nephrolepis exaltata,"Boston Fern is a popular indoor plant known for its lush, feathery fronds. It prefers medium to bright indirect light and consistent moisture.",Medium-Light,Moisture-Loving,Medium-Space Plant,Moderate-Maintenance,Bushy and Spreading Plant,Non-Flowering Plant,,
English Ivy,Hedera helix,English Ivy is a versatile indoor plant with trailing vines and lobed leaves. It prefers medium to bright indirect light and consistent moisture.,Medium-Light,Moisture-Loving,Small-Space Plant,Moderate-Maintenance,Climbing and Trailing Plant,Non-Flowering Plant,Air-Purifying Plant,
Heartleaf Philodendron,Philodendron hederaceum,Heartleaf Philodendron is a popular indoor plant known for its heart-shaped leaves and trailing growth habit. It prefers medium to bright indirect light and consistent moisture.,Medium-Light,Moisture-Loving,Small-Space Plant,Low-Maintenance,Climbing and Trailing Plant,Non-Flowering Plant,,
Agave,Agave spp.,Agave is a genus of succulents known for their rosette-shaped leaves with sharp tips. They prefer bright light and are drought-tolerant.,High-Light,Drought-Tolerant,Small-Space to Large-Space Plant (depending on species),Low-Maintenance,Upright Plant,Non-Flowering Plant,,
Aloe Vera,Aloe barbadensis miller,"Aloe Vera is a popular succulent known for its medicinal properties and thick, fleshy leaves. It prefers bright light and is drought-tolerant.",High-Light,Drought-Tolerant,Small-Space Plant,Low-Maintenance,Upright Plant,Non-Flowering Plant,Medicinal Plant,
Echeveria,Echeveria spp.,Echeveria is a genus of succulents known for their attractive rosette-shaped leaves in various colors. They prefer bright light and are drought-tolerant.,High-Light,Drought-Tolerant,Small-Space Plant,Low-Maintenance,Upright Plant,Non-Flowering Plant,,Colorful Foliage
Jade Plant,Crassula ovata,"Jade Plant is a popular succulent with thick, fleshy leaves and a bushy growth habit. It prefers bright light and is drought-tolerant.",High-Light,Drought-Tolerant,Small-Space Plant,Low-Maintenance,Bushy and Spreading Plant,Non-Flowering Plant,,
Hens and Chicks,Sempervivum tectorum,"Hens and Chicks is a low-growing succulent known for its rosette-shaped leaves that form offsets, or “chicks.” It prefers bright light and is drought-tolerant.",High-Light,Drought-Tolerant,Small-Space Plant,Low-Maintenance,Bushy and Spreading Plant,Non-Flowering Plant,,
Lithops,Lithops spp.,"Lithops, also known as “Living Stones,” are small, slow-growing succulents that resemble rocks. They prefer bright light and are drought-tolerant.",High-Light,Drought-Tolerant,Small-Space Plant,Low-Maintenance,Upright Plant,Non-Flowering Plant,,
Haworthia,Haworthia spp.,"Haworthia is a genus of small, slow-growing succulents known for their rosette-shaped leaves with distinctive markings. They prefer bright, indirect light and are drought-tolerant.",Medium-High Light,Drought-Tolerant,Small-Space Plant,Low-Maintenance,Upright Plant,Non-Flowering Plant,,Unique Textures
Moonstones,Pachyphytum oviferum,"Moonstones is a succulent with thick, rounded leaves that resemble pebbles. It prefers bright light and is drought-tolerant.",High-Light,Drought-Tolerant,Small-Space Plant,Low-Maintenance,Upright Plant,Non-Flowering Plant,,Unique Textures
Zebra Plant,Haworthia fasciata,"Zebra Plant is a small succulent known for its dark green leaves with white horizontal stripes. It prefers bright, indirect light and is drought-tolerant.",Medium-High Light,Drought-Tolerant,Small-Space Plant,Low-Maintenance,Upright Plant,Non-Flowering Plant,,Unique Textures
Pincushion Cactus,Mammillaria spp.,"Pincushion Cactus is a genus of small, round cacti known for their dense, needle-like spines. They prefer bright light and are drought-tolerant.",High-Light,Drought-Tolerant,Small-Space Plant,Low-Maintenance,Upright Plant,Flowering Plant,,
Christmas Cactus,Schlumbergera spp.,"Christmas Cactus is a popular holiday plant known for its segmented stems and bright, tubular flowers. It prefers bright, indirect light and consistent moisture.",Medium-Light,Moisture-Loving,Small-Space Plant,Moderate-Maintenance,Trailing Plant,Flowering Plant,Flowering Plant,
String of Pearls,Senecio rowleyanus,"String of Pearls is a unique succulent with trailing stems covered in round, bead-like leaves. It prefers bright, indirect light and is drought-tolerant.",High-Light,Drought-Tolerant,Small-Space Plant,Low-Maintenance,Climbing and Trailing Plant,Non-Flowering Plant,,
Burro’s Tail,Sedum morganianum,"Burro’s Tail is a trailing succulent known for its cascading stems covered in plump, overlapping leaves. It prefers bright, indirect light and is drought-tolerant.",High-Light,Drought-Tolerant,Small-Space Plant,Low-Maintenance,Climbing and Trailing Plant,Non-Flowering Plant,,
String of Bananas,Senecio radicans,"String of Bananas is a trailing succulent with long stems covered in banana-shaped leaves. It prefers bright, indirect light and is drought-tolerant.",High-Light,Drought-Tolerant,Small-Space Plant,Low-Maintenance,Climbing and Trailing Plant,Non-Flowering Plant,,
String of Hearts,Ceropegia woodii,"String of Hearts is a trailing succulent with heart-shaped leaves on slender vines. It prefers bright, indirect light and is drought-tolerant.",High-Light,Drought-Tolerant,Small-Space Plant,Low-Maintenance,Climbing and Trailing Plant,Non-Flowering Plant,,
String of Nickels,Dischidia nummularia,"String of Nickels is an epiphytic plant with round, flat leaves on trailing stems. It prefers bright, indirect light and consistent moisture.",Medium-High Light,Moisture-Loving,Small-Space Plant,Moderate-Maintenance,Climbing and Trailing Plant,Non-Flowering Plant,,
String of Turtles,Peperomia prostrata,"String of Turtles is a trailing plant with small, round leaves featuring intricate patterns. It prefers medium to bright indirect light and consistent moisture.",Medium-Light,Moisture-Loving,Small-Space Plant,Moderate-Maintenance,Climbing and Trailing Plant,Non-Flowering Plant,,Unique Textures
String of Dolphins,Senecio peregrinus,"String of Dolphins is a trailing succulent with dolphin-shaped leaves on cascading stems. It prefers bright, indirect light and is drought-tolerant.",High-Light,Drought-Tolerant,Small-Space Plant,Low-Maintenance,Climbing and Trailing Plant,Non-Flowering Plant,,
Ferns,various species,"Ferns are a diverse group of plants known for their delicate, feathery fronds. They prefer medium to bright indirect light and consistent moisture.",Medium-Light,Moisture-Loving,Small to Large-Space Plants (depending on species),Moderate-Maintenance,Bushy and Spreading Plant,Non-Flowering Plant,,
Peperomia,Peperomia spp.,"Peperomia is a diverse genus of small, compact plants with attractive, fleshy leaves. They prefer medium to bright indirect light and consistent moisture.",Medium-Light,Moisture-Loving,Small-Space Plant,Low-Maintenance,Bushy and Spreading Plant,Non-Flowering Plant,,Variegated and/or Colorful Foliage
African Violet,Saintpaulia spp.,"African Violets are popular flowering houseplants known for their velvety, round leaves and colorful blooms. They prefer medium to bright indirect light and consistent moisture.",Medium-Light,Moisture-Loving,Small-Space Plant,Moderate-Maintenance,Bushy and Spreading Plant,Flowering Plant,Flowering Plant,
Bird of Paradise,Strelitzia spp.,"Bird of Paradise plants are known for their large, exotic flowers and long, glossy leaves. They prefer bright, indirect light and consistent moisture.",High-Light,Moisture-Loving,Large-Space Plant,Moderate-Maintenance,Upright Plant,Flowering Plant,Flowering Plant,
Cyclamen,Cyclamen spp.,"Cyclamen are flowering plants with heart-shaped leaves and unique, upright flowers. They prefer medium to bright indirect light and consistent moisture.",Medium-Light,Moisture-Loving,Small-Space Plant,Moderate-Maintenance,Bushy and Spreading Plant,Flowering Plant,Flowering Plant,
Gloxinia,Sinningia speciosa,"Gloxinia plants are known for their large, velvety leaves and bell-shaped flowers. They prefer medium to bright indirect light and consistent moisture.",Medium-Light,Moisture-Loving,Small-Space Plant,Moderate-Maintenance,Bushy and Spreading Plant,Flowering Plant,Flowering Plant,
Begonia,Begonia spp.,"Begonias are a diverse group of plants known for their colorful, showy flowers and unique foliage. They prefer medium to bright indirect light and consistent moisture.",Medium-Light,Moisture-Loving,Small to Medium-Space Plant (depending on species),Moderate-Maintenance,Bushy and Spreading Plant,Flowering Plant,Flowering Plant,Variegated and/or Colorful Foliage
Guzmania,Guzmania spp.,"Guzmania is a genus of bromeliads known for their vibrant, colorful bracts and unique flower structures. They prefer medium to bright indirect light and consistent moisture.",Medium-Light,Moisture-Loving,Small-Space Plant,Low-Maintenance,Upright Plant,Flowering Plant,Flowering Plant,
Silver Vase Plant,Aechmea fasciata,"Silver Vase Plant is a type of bromeliad with attractive, silver-green foliage and a unique, pink flower bract. It prefers medium to bright indirect light and consistent moisture.",Medium-Light,Moisture-Loving,Small-Space Plant,Low-Maintenance,Upright Plant,Flowering Plant,Flowering Plant,
Amaryllis,Hippeastrum spp.,"Amaryllis is a popular flowering plant known for its large, showy blooms in various colors. It prefers bright, indirect light and consistent moisture.",High-Light,Moisture-Loving,Small-Space Plant,Moderate-Maintenance,Upright Plant,Flowering Plant,Flowering Plant,
Camellia,Camellia japonica,"Camellia is a flowering shrub known for its large, showy flowers and glossy, dark green leaves. It prefers medium to bright indirect light and consistent moisture.",Medium-Light,Moisture-Loving,Medium to Large-Space Plant,Moderate-Maintenance,Bushy and Spreading Plant,Flowering Plant,Flowering Plant,
Cape Primrose,Streptocarpus spp.,"Cape Primrose is a flowering plant known for its colorful, tubular flowers and velvety leaves. It prefers medium to bright indirect light and consistent moisture.",Medium-Light,Moisture-Loving,Small-Space Plant,Moderate-Maintenance,Bushy and Spreading Plant,Flowering Plant,Flowering Plant,
Flamingo Flower,Anthurium spp.,"Flamingo Flower is known for its unique, heart-shaped, colorful spathes and glossy leaves. It prefers medium to bright indirect light and consistent moisture.",Medium-Light,Moisture-Loving,Small-Space Plant,Moderate-Maintenance,Upright Plant,Flowering Plant,Flowering Plant,
Florist’s Chrysanthemum,Chrysanthemum spp.,"Florist’s Chrysanthemum is a popular flowering plant known for its showy, daisy-like flowers in various colors. It prefers bright, indirect light and consistent moisture.",High-Light,Moisture-Loving,Small-Space Plant,Moderate-Maintenance,Bushy and Spreading Plant,Flowering Plant,Flowering Plant,
Gardenia,Gardenia spp.,"Gardenia is a flowering plant known for its highly fragrant, white, waxy flowers and glossy, dark green leaves. It prefers medium to bright indirect light and consistent moisture.",Medium-Light,Moisture-Loving,Medium-Space Plant,High-Maintenance,Bushy and Spreading Plant,Flowering Plant,"Fragrant Plant, Flowering Plant",
Jasmine,Jasminum spp.,"Jasmine is a flowering plant known for its delicate, fragrant, white or yellow flowers and climbing growth habit. It prefers medium to bright indirect light and consistent moisture.",Medium-Light,Moisture-Loving,Medium-Space Plant,Moderate-Maintenance,Climbing and Trailing Plant,Flowering Plant,"Fragrant Plant, Flowering Plant",
Kaffir Lily,Clivia miniata,"Kaffir Lily is a flowering plant known for its showy, orange or yellow flowers and dark green, strap-like leaves. It prefers medium to bright indirect light and consistent moisture.",Medium-Light,Moisture-Loving,Small to Medium-Space Plant,Low-Maintenance,Upright Plant,Flowering Plant,Flowering Plant,
Kalanchoe,Kalanchoe blossfeldiana,"Kalanchoe is a succulent flowering plant known for its colorful, long-lasting blooms and fleshy, green leaves. It prefers bright, indirect light and is drought-tolerant.",High-Light,Drought-Tolerant,Small-Space Plant,Low-Maintenance,Upright Plant,Flowering Plant,Flowering Plant,
Pansy Orchid,Miltoniopsis spp.,"Pansy Orchid is a type of orchid known for its large, showy flowers that resemble pansies. It prefers medium to bright indirect light and consistent moisture.",Medium-Light,Moisture-Loving,Small-Space Plant,High-Maintenance,Upright Plant,Flowering Plant,Flowering Plant,
Persian Violet,Exacum affine,"Persian Violet is a flowering plant known for its vibrant blue, star-shaped flowers and glossy, dark green leaves. It prefers medium to bright indirect light and consistent moisture.",Medium-Light,Moisture-Loving,Small-Space Plant,Moderate-Maintenance,Bushy and Spreading Plant,Flowering Plant,Flowering Plant,
Poinsettia,Euphorbia pulcherrima,"Poinsettia is a popular holiday plant known for its vibrant red or white bracts surrounding small, inconspicuous flowers. It prefers bright, indirect light and consistent moisture.",High-Light,Moisture-Loving,Medium-Space Plant,Moderate-Maintenance,Upright Plant,Flowering Plant,Flowering Plant,
Primrose,Primula spp.,"Primrose is a flowering plant known for its bright, colorful flowers and rosettes of green leaves. It prefers medium to bright indirect light and consistent moisture.",Medium-Light,Moisture-Loving,Small-Space Plant,Moderate-Maintenance,Bushy and Spreading Plant,Flowering Plant,Flowering Plant,
Rex Begonia,Begonia rex,"Rex Begonia is a popular houseplant known for its colorful, striking foliage with unique patterns and textures. It prefers medium indirect light and consistent moisture.",Medium-Light,Moisture-Loving,Small-Space Plant,Moderate-Maintenance,Bushy and Spreading Plant,Non-Flowering Plant,"Colorful Foliage, Unique Textures",
Shrimp Plant,Justicia brandegeeana,"Shrimp Plant is known for its unique, shrimp-like bracts and tubular flowers. It prefers medium to bright indirect light and consistent moisture.",Medium-Light,Moisture-Loving,Medium-Space Plant,Low-Maintenance,Bushy and Spreading Plant,Flowering Plant,Flowering Plant,
Streptocarpella,Streptocarpus spp.,"Streptocarpella is a flowering plant known for its delicate, tubular flowers and soft, velvety leaves. It prefers medium indirect light and consistent moisture.",Medium-Light,Moisture-Loving,Small-Space Plant,Moderate-Maintenance,Bushy and Spreading Plant,Flowering Plant,Flowering Plant,
Lipstick Plant,Aeschynanthus spp.,"Lipstick Plant is a trailing plant known for its tubular, lipstick-like flowers and glossy, green leaves. It prefers medium to bright indirect light and consistent moisture.",Medium-Light,Moisture-Loving,Small-Space Plant,Low-Maintenance,Climbing and Trailing Plant,Flowering Plant,Flowering Plant,
Lipstick Vine,Aeschynanthus spp.,Lipstick Vine is another name for Lipstick Plant. Please refer to the Lipstick Plant entry above.,,,,,,,,
Chenille Plant,Acalypha hispida,"Chenille Plant is known for its unique, fuzzy, red flower spikes and green leaves. It prefers medium to bright indirect light and consistent moisture.",Medium-Light,Moisture-Loving,Medium-Space Plant,Moderate-Maintenance,Bushy and Spreading Plant,Flowering Plant,Flowering Plant,
Fuchsia,Fuchsia spp.,"Fuchsia is a flowering plant known for its stunning, pendulous flowers that come in various colors. It prefers medium indirect light and consistent moisture.",Medium-Light,Moisture-Loving,Medium-Space Plant,Moderate-Maintenance,Bushy and Spreading Plant,Flowering Plant,Flowering Plant,
Goldfish Plant,Columnea spp.,"Goldfish Plant is known for its bright, goldfish-shaped flowers and trailing growth habit. It prefers medium to bright indirect light and consistent moisture.",Medium-Light,Moisture-Loving,Small-Space Plant,Moderate-Maintenance,Climbing and Trailing Plant,Flowering Plant,Flowering Plant,
Hoya Carnosa,Hoya carnosa,"Hoya Carnosa is a popular vining plant known for its waxy, star-shaped flowers and thick, succulent leaves. It prefers medium to bright indirect light and well-draining soil.",Medium-Light,Drought-Tolerant,Small-Space Plant,Low-Maintenance,Climbing and Trailing Plant,Flowering Plant,Flowering Plant,
Ivy Geranium,Pelargonium peltatum,"Ivy Geranium is a trailing plant known for its vibrant, round flowers and ivy-like leaves. It prefers medium to bright indirect light and consistent moisture.",Medium-Light,Moisture-Loving,Small-Space Plant,Moderate-Maintenance,Climbing and Trailing Plant,Flowering Plant,Flowering Plant,
Lipstick Plant,Aeschynanthus radicans,"Lipstick Plant (Aeschynanthus radicans) is a specific variety of the Lipstick Plant, known for its tubular, red flowers and glossy, green leaves. It prefers medium to bright indirect light and consistent moisture.",Medium-Light,Moisture-Loving,Small-Space Plant,Low-Maintenance,Climbing and Trailing Plant,Flowering Plant,Flowering Plant,
Orchid Cactus,Epiphyllum spp.,"Orchid Cactus is known for its large, stunning, and colorful flowers. It prefers bright indirect light and well-draining soil.",High-Light,Drought-Tolerant,Medium-Space Plant,Moderate-Maintenance,Bushy and Spreading Plant,Flowering Plant,Unusual or Exotic Plants,
Wax Plant,Hoya spp.,Wax Plant is a genus of flowering plants with waxy leaves and star-shaped flowers. It prefers medium to bright indirect light and well-draining soil.,Medium-Light,Drought-Tolerant,Small-Space Plant,Low-Maintenance,Climbing and Trailing Plant,Flowering Plant,,
Moth Orchid,Phalaenopsis spp.,"Moth Orchid is a popular type of orchid known for its long-lasting, butterfly-like flowers. It prefers low to medium indirect light and well-draining soil.",Low-Light,Drought-Tolerant,Small-Space Plant,Moderate-Maintenance,Upright Plant,Flowering Plant,Unusual or Exotic Plants,
Cattleya Orchid,Cattleya spp.,"Cattleya Orchid is known for its large, showy flowers and bold colors. It prefers medium to bright indirect light and well-draining soil.",Medium-Light,Drought-Tolerant,Small-Space Plant,High-Maintenance,Upright Plant,Flowering Plant,Unusual or Exotic Plants,
Dendrobium Orchid,Dendrobium spp.,Dendrobium Orchid is a diverse genus of orchids with various flower sizes and colors. It prefers medium to bright indirect light and well-draining soil.,Medium-Light,Drought-Tolerant,Small-Space Plant,High-Maintenance,Upright Plant,Flowering Plant,Unusual or Exotic Plants,
Oncidium Orchid,Oncidium spp.,"Oncidium Orchid is known for its delicate, butterfly-shaped flowers and long, arching flower spikes. It prefers medium to bright indirect light and well-draining soil.",Medium-Light,Drought-Tolerant,Small-Space Plant,High-Maintenance,Upright Plant,Flowering Plant,Unusual or Exotic Plants,
Paphiopedilum Orchid,Paphiopedilum spp.,"Paphiopedilum Orchid, also known as slipper orchid, is recognized for its unique pouch-like flowers. It prefers low to medium indirect light and well-draining soil.",Low-Light,Drought-Tolerant,Small-Space Plant,High-Maintenance,Upright Plant,Flowering Plant,Unusual or Exotic Plants,
Miltoniopsis Orchid,Miltoniopsis spp.,"Miltoniopsis Orchid, commonly known as Pansy Orchid, is admired for its delicate, pansy-like flowers. It prefers low to medium indirect light and well-draining soil.",Low-Light,Moisture-Loving,Small-Space Plant,High-Maintenance,Upright Plant,Flowering Plant,Unusual or Exotic Plants,
Cymbidium Orchid,Cymbidium spp.,"Cymbidium Orchid is a popular type of orchid with long-lasting, waxy flowers. It prefers medium to bright indirect light and well-draining soil.",Medium-Light,Drought-Tolerant,Small-Space Plant,High-Maintenance,Upright Plant,Flowering Plant,Unusual or Exotic Plants,
Vanda Orchid,Vanda spp.,"Vanda Orchid is known for its large, vibrant, and fragrant flowers. It prefers high light and well-draining soil, often grown in baskets without soil.",High-Light,Drought-Tolerant,Large-Space Plant,High-Maintenance,Climbing and Trailing Plant,Flowering Plant,"Unusual or Exotic Plants, Fragrant Plants",
Masdevallia Orchid,Masdevallia spp.,"Masdevallia Orchid is a unique type of orchid with tubular, brightly colored flowers. It prefers low to medium indirect light and well-draining soil.",Low-Light,Moisture-Loving,Small-Space Plant,High-Maintenance,Upright Plant,Flowering Plant,Unusual or Exotic Plants,
Brassia Orchid,Brassia spp.,"Brassia Orchid, also known as Spider Orchid, features large, star-shaped flowers with long, slender petals. It prefers medium to bright indirect light and well-draining soil.",Medium-Light,Drought-Tolerant,Small-Space Plant,High-Maintenance,Upright Plant,Flowering Plant,Unusual or Exotic Plants,
Odontoglossum Orchid,Odontoglossum spp.,"Odontoglossum Orchid is known for its intricate, colorful flowers with unique patterns. It prefers low to medium indirect light and well-draining soil.",Low-Light,Moisture-Loving,Small-Space Plant,High-Maintenance,Upright Plant,Flowering Plant,Unusual or Exotic Plants,
Lycaste Orchid,Lycaste spp.,"Lycaste Orchid is admired for its large, waxy flowers with a pleasant fragrance. It prefers medium to bright indirect light and well-draining soil.",Medium-Light,Moisture-Loving,Small-Space Plant,High-Maintenance,Upright Plant,Flowering Plant,Fragrant Plants,
Zygopetalum Orchid,Zygopetalum spp.,"Zygopetalum Orchid features stunning, fragrant flowers with distinctive patterns. It prefers medium to bright indirect light and well-draining soil.",Medium-Light,Moisture-Loving,Small-Space Plant,High-Maintenance,Upright Plant,Flowering Plant,Fragrant Plants,
Maxillaria Orchid,Maxillaria spp.,"Maxillaria Orchid is known for its small, fragrant flowers that resemble a bee. It prefers low to medium indirect light and well-draining soil.",Low-Light,Moisture-Loving,Small-Space Plant,High-Maintenance,Upright Plant,Flowering Plant,Fragrant Plants,
Epidendrum Orchid,Epidendrum spp.,Epidendrum Orchid features reed-like stems and clusters of brightly colored flowers. It prefers medium to bright indirect light and well-draining soil.,Medium-Light,Drought-Tolerant,Small-Space Plant,Moderate-Maintenance,Upright Plant,Flowering Plant,,
Bulbophyllum Orchid,Bulbophyllum spp.,"Bulbophyllum Orchid is the largest genus of orchids, with unique, often bizarre-looking flowers. It prefers low to medium indirect light and well-draining soil.",Low-Light,Moisture-Loving,Small-Space Plant,High-Maintenance,Climbing and Trailing Plant,Flowering Plant,Unique flower morphology,
Encyclia Orchid,Encyclia spp.,Encyclia Orchid features star-shaped flowers with a unique lip. It prefers medium to bright indirect light and well-draining soil.,Medium-Light,Drought-Tolerant,Small-Space Plant,Moderate-Maintenance,Upright Plant,Flowering Plant,,
Laelia Orchid,Laelia spp.,"Laelia Orchid is known for its stunning, colorful flowers that bloom in clusters. It prefers medium to bright indirect light and well-draining soil.",Medium-Light,Drought-Tolerant,Small-Space Plant,Moderate-Maintenance,Upright Plant,Flowering Plant,,
Brassavola Orchid,Brassavola spp.,"Brassavola Orchid features slender, green leaves and fragrant, white flowers that open at night. It prefers medium to bright indirect light and well-draining soil.",Medium-Light,Drought-Tolerant,Small-Space Plant,Moderate-Maintenance,Upright Plant,Flowering Plant,"Fragrant Plants, Night-Blooming Flowers",
Phaius Orchid,Phaius spp.,"Phaius Orchid is known for its large, showy flowers that come in various colors. It prefers medium indirect light and consistently moist, well-draining soil.",Medium-Light,Moisture-Loving,Small-Space Plant,Moderate-Maintenance,Upright Plant,Flowering Plant,,
Sobralia Orchid,Sobralia spp.,"Sobralia Orchid features tall, reed-like stems and large, colorful flowers. It prefers medium to bright indirect light and well-draining soil.",Medium-Light,Drought-Tolerant,Medium-Space Plant,Moderate-Maintenance,Upright Plant,Flowering Plant,,
Bletilla Orchid,Bletilla spp.,"Bletilla Orchid is a terrestrial orchid with showy, delicate flowers. It prefers medium indirect light and well-draining soil.",Medium-Light,Moisture-Loving,Small-Space Plant,Moderate-Maintenance,Upright Plant,Flowering Plant,,
Coelogyne Orchid,Coelogyne spp.,"Coelogyne Orchid features attractive, fragrant flowers in various colors. It prefers medium indirect light and well-draining soil.",Medium-Light,Moisture-Loving,Small-Space Plant,Moderate-Maintenance,Upright Plant,Flowering Plant,Fragrant Plants,
Stanhopea Orchid,Stanhopea spp.,"Stanhopea Orchid is known for its large, waxy, and fragrant flowers that hang beneath the foliage. It prefers medium indirect light and well-draining soil.",Medium-Light,Moisture-Loving,Small-Space Plant,Moderate-Maintenance,Climbing and Trailing Plant,Flowering Plant,"Fragrant Plants, Unique Hanging Flowers",
Gongora Orchid,Gongora spp.,"Gongora Orchid features unique, pendant-like flowers with a distinct fragrance. It prefers medium to bright indirect light and well-draining, moist soil.",Medium-Light,Moisture-Loving,Small-Space Plant,Moderate-Maintenance,Climbing and Trailing Plant,Flowering Plant,"Fragrant Plants, Unique Hanging Flowers",
Grammatophyllum Orchid,Grammatophyllum spp.,"Grammatophyllum Orchid is known for its massive, cylindrical flower spikes with numerous large flowers. It prefers medium to bright indirect light and well-draining soil.",Medium-Light,Moisture-Loving,Large-Space Plant,Moderate-Maintenance,Upright Plant,Flowering Plant,,
Vanilla Orchid,Vanilla spp.,"Vanilla Orchid is a climbing orchid that produces fragrant flowers and vanilla beans. It prefers medium to bright indirect light and consistently moist, well-draining soil.",Medium-Light,Moisture-Loving,Medium-Space Plant,Moderate-Maintenance,Climbing Plant,Flowering Plant,"Fragrant Plants, Edible Vanilla Beans",
Catasetum Orchid,Catasetum spp.,"Catasetum Orchid features unique, unisexual flowers that change their appearance between male and female forms. It prefers medium to bright indirect light and well-draining soil.",Medium-Light,Moisture-Loving,Small-Space Plant,Moderate-Maintenance,Upright Plant,Flowering Plant,Unusual or Exotic Plants,
Angraecum Orchid,Angraecum spp.,"Angraecum Orchid is known for its stunning, star-shaped, fragrant flowers. It prefers medium indirect light and well-draining soil.",Medium-Light,Moisture-Loving,Small-Space Plant,Moderate-Maintenance,Upright Plant,Flowering Plant,Fragrant Plants,
Renanthera Orchid,Renanthera spp.,"Renanthera Orchid features vibrant, long-lasting flowers in red or orange shades. It prefers medium to bright indirect light and well-draining soil.",Medium-Light,Moisture-Loving,Small-Space Plant,Moderate-Maintenance,Upright Plant,Flowering Plant,,
Neofinetia Orchid,Neofinetia spp.,"Neofinetia Orchid is a miniature, monopodial orchid with fragrant, white flowers. It prefers medium indirect light and well-draining soil.",Medium-Light,Moisture-Loving,Small-Space Plant,Moderate-Maintenance,Upright Plant,Flowering Plant,Fragrant Plants,
Psychopsis Orchid,Psychopsis spp.,"Psychopsis Orchid features striking, butterfly-like flowers that can last for months. It prefers medium indirect light and well-draining soil.",Medium-Light,Moisture-Loving,Small-Space Plant,Moderate-Maintenance,Upright Plant,Flowering Plant,,
Phragmipedium Orchid,Phragmipedium spp.,"Phragmipedium Orchid, also known as slipper orchid, features unique, slipper-shaped flowers. It prefers medium indirect light and well-draining, moist soil.",Medium-Light,Moisture-Loving,Small-Space Plant,Moderate-Maintenance,Upright Plant,Flowering Plant,,
Aerangis Orchid,Aerangis spp.,"Aerangis Orchid is a group of small, monopodial orchids with delicate, fragrant flowers. It prefers medium indirect light and well-draining soil.",Medium-Light,Moisture-Loving,Small-Space Plant,Moderate-Maintenance,Upright Plant,Flowering Plant,Fragrant Plants,
Aeranthes Orchid,Aeranthes spp.,"Aeranthes Orchid features long-lasting, translucent, greenish-white flowers. It prefers medium indirect light and well-draining soil.",Medium-Light,Moisture-Loving,Small-Space Plant,Moderate-Maintenance,Upright Plant,Flowering Plant,,
Polystachya Orchid,Polystachya spp.,"Polystachya Orchid is a diverse group of orchids with unique, non-resupinate flowers. It prefers medium indirect light and well-draining soil.",Medium-Light,Moisture-Loving,Small-Space Plant,Moderate-Maintenance,Upright Plant,Flowering Plant,,
Scaphosepalum Orchid,Scaphosepalum spp.,"Scaphosepalum Orchid features small, uniquely-shaped flowers with elongated, curved sepals. It prefers medium indirect light and well-draining soil.",Medium-Light,Moisture-Loving,Small-Space Plant,Moderate-Maintenance,Upright Plant,Flowering Plant,,
Plectrelminthus Orchid,Plectrelminthus spp.,"Plectrelminthus Orchids are characterized by their fascinating, colorful flowers, and sweet, spicy fragrance. These orchids are popular among collectors for their eye-catching beauty and unique scent.",Medium-Light,Moisture-Loving,Small-Space Plant,Moderate-Maintenance,Upright Plant,Flowering Plant,Fragrant Plants,
Leptotes Orchid,Leptotes spp.,"Leptotes Orchids are small, epiphytic orchids with charming, delicate flowers. They are prized for their ability to adapt to various environments, making them an excellent choice for orchid enthusiasts.",Medium-Light,Moisture-Loving,Small-Space Plant,Moderate-Maintenance,Upright Plant,Flowering Plant,,
Fiddle Leaf Fig,Ficus lyrata,"Fiddle Leaf Fig is a popular houseplant with large, dramatic, violin-shaped leaves that add a touch of the tropics to any indoor space. This plant thrives in bright, indirect light and requires well-draining soil.",Bright Indirect Light,Moderate Watering,Large-Space Plant,Moderate-Maintenance,Upright Plant,Foliage Plant,,
Areca Palm,Dypsis lutescens,"Areca Palm is a graceful, feathery palm with arching fronds that add an elegant, tropical ambiance to any space. It prefers bright, indirect light and requires well-draining soil.",Bright Indirect Light,Moderate Watering,Large-Space Plant,Moderate-Maintenance,Upright Plant,Foliage Plant,,
Kentia Palm,Howea forsteriana,"Kentia Palm is a slow-growing, elegant palm with long, arching fronds that create a lush, tropical atmosphere. It is tolerant of low light conditions and prefers well-draining soil.",Low to Medium Light,Moderate Watering,Large-Space Plant,Low-Maintenance,Upright Plant,Foliage Plant,,
Bird’s Nest Fern,Asplenium nidus,"Bird’s Nest Fern is an attractive, low-maintenance fern with wavy, ribbon-like fronds that emerge from a central rosette. It thrives in medium to low light and consistently moist soil.",Medium to Low Light,Moisture-Loving,Small to Medium Space Plant,Low-Maintenance,Rosette Plant,Foliage Plant,,
Weeping Fig,Ficus benjamina,"Weeping Fig is a popular indoor tree with gracefully arching branches and glossy, dark green leaves. It prefers bright, indirect light and consistent watering for optimal growth.",Bright Indirect Light,Moderate Watering,Large-Space Plant,Moderate-Maintenance,Upright Plant,Foliage Plant,,
Schefflera,Schefflera spp.,"Schefflera, also known as Umbrella Plant, is a versatile houseplant with palmately compound leaves that form an attractive, umbrella-like canopy. It thrives in bright, indirect light and requires well-draining soil.",Bright Indirect Light,Moderate Watering,Medium to Large Space Plant,Low-Maintenance,Upright Plant,Foliage Plant,,
Monstera Deliciosa,Monstera deliciosa,"Monstera Deliciosa, also known as Swiss Cheese Plant, is a popular tropical houseplant with large, glossy, deeply lobed leaves. It thrives in bright, indirect light and requires well-draining soil.",Bright Indirect Light,Moderate Watering,Large-Space Plant,Moderate-Maintenance,Upright Plant,Foliage Plant,Air-Purifying Plants,
Monstera Adansonii,Monstera adansonii,"Monstera Adansonii is a climbing plant with distinctive, heart-shaped leaves featuring elongated holes. It thrives in bright, indirect light and prefers well-draining soil with consistent moisture.",Bright Indirect Light,Moderate Watering,Small to Medium Space Plant,Moderate-Maintenance,Climbing Plant,Foliage Plant,,
Yucca,Yucca spp.,"Yucca is a drought-tolerant plant with bold, sword-shaped leaves and a distinctive architectural form. It prefers bright light and well-draining soil, making it a low-maintenance option for modern homes.",Bright Light,Drought-Tolerant,Medium to Large Space Plant,Low-Maintenance,Upright Plant,Foliage Plant,,
Umbrella Plant,Schefflera arboricola,"Umbrella Plant is a smaller, bushier version of the Schefflera, with similar attractive, umbrella-like leaves. It thrives in bright, indirect light and requires well-draining soil.",Bright Indirect Light,Moderate Watering,Medium-Space Plant,Low-Maintenance,Upright Plant,Foliage Plant,,
Pilea Peperomioides,Pilea peperomioides,"Pilea Peperomioides, also known as Chinese Money Plant, features round, coin-shaped leaves on slender, upright stems. It prefers bright, indirect light and well-draining soil.",Bright Indirect Light,Moderate Watering,Small-Space Plant,Low-Maintenance,Upright Plant,Foliage Plant,Pet-Friendly Plants,
Ponytail Palm,Beaucarnea recurvata,"Ponytail Palm is a unique, drought-tolerant houseplant with a bulbous base and long, arching leaves that resemble a ponytail. It prefers bright light and well-draining soil.",Bright Light,Drought-Tolerant,Medium-Space Plant,Low-Maintenance,Upright Plant,Foliage Plant,Unusual or Exotic Plants,
Nerve Plant,Fittonia albivenis,"Nerve Plant is a small, low-growing plant with striking, veined leaves in shades of green, pink, or white. It prefers bright, indirect light and consistently moist soil.",Bright Indirect Light,Moderate Watering,Small-Space Plant,Moderate-Maintenance,Low-Growing Plant,Foliage Plant,Pet-Friendly Plants,
Crocodile Fern,Microsorum musifolium,"Crocodile Fern is an exotic fern with unusual, scale-like foliage that resembles crocodile skin. It thrives in bright, indirect light and consistently moist, well-draining soil.",Bright Indirect Light,Moderate Watering,Medium-Space Plant,Moderate-Maintenance,Upright Plant,Foliage Plant,Unusual or Exotic Plants,
Rattlesnake Plant,Calathea lancifolia,"Rattlesnake Plant is a striking houseplant with long, wavy leaves featuring a dark green top side and a purple underside. It prefers bright, indirect light and consistently moist, well-draining soil.",Bright Indirect Light,Moderate Watering,Medium-Space Plant,Moderate-Maintenance,Upright Plant,Foliage Plant,Air-Purifying Plants,
Sago Palm,Cycas revoluta,"Sago Palm is a slow-growing, ancient plant with a palm-like appearance, though it’s not a true palm. It prefers bright light and well-draining soil.",Bright Light,Drought-Tolerant,Medium to Large Space Plant,Low-Maintenance,Upright Plant,Foliage Plant,Unusual or Exotic Plants,
Peacock Plant,Calathea makoyana,"Peacock Plant is a tropical houseplant with large, oval leaves featuring beautiful patterns that resemble the feathers of a peacock. It prefers bright, indirect light and consistently moist soil.",Bright Indirect Light,Moderate Watering,Medium-Space Plant,Moderate-Maintenance,Upright Plant,Foliage Plant,,
Elephant Ear,Alocasia spp.,"Elephant Ear is an exotic houseplant with large, impressive leaves that resemble the shape of an elephant’s ear. It prefers bright, indirect light and well-draining, consistently moist soil.",Bright Indirect Light,Moderate Watering,Large-Space Plant,Moderate-Maintenance,Upright Plant,Foliage Plant,Unusual or Exotic Plants,
Fatsia Japonica,Aralia japonica,"Fatsia Japonica, also known as Japanese Aralia, is a tropical, broadleaf evergreen with large, glossy, palmate leaves. It prefers bright, indirect light and consistently moist soil.",Bright Indirect Light,Moderate Watering,Large-Space Plant,Moderate-Maintenance,Upright Plant,Foliage Plant,Air-Purifying Plants,
Fiddle-Leaf Fig,Ficus lyrata,"Fiddle-Leaf Fig is a popular houseplant with large, glossy, violin-shaped leaves. It prefers bright, indirect light and well-draining soil.",Bright Indirect Light,Moderate Watering,Large-Space Plant,Moderate-Maintenance,Upright Plant,Foliage Plant,Air-Purifying Plants,
Majesty Palm,Ravenea rivularis,"Majesty Palm is an elegant, tropical palm with arching, feather-like fronds. It prefers bright, indirect light and consistently moist soil.",Bright Indirect Light,Moderate Watering,Large-Space Plant,Moderate-Maintenance,Upright Plant,Foliage Plant,Air-Purifying Plants,
Pilea Peperomioides,Pilea spp.,"Pilea Peperomioides, also known as the Chinese Money Plant, is a small, low-growing plant with round, coin-like leaves. It prefers bright, indirect light and well-draining soil.",Bright Indirect Light,Moderate Watering,Small-Space Plant,Low-Maintenance,Low-Growing Plant,Foliage Plant,Pet-Friendly Plants,
Polka Dot Plant,Hypoestes phyllostachya,"Polka Dot Plant is a charming, small houseplant with spotted, colorful foliage in shades of pink, red, or white. It prefers bright, indirect light and consistently moist soil.",Bright Indirect Light,Moderate Watering,Small-Space Plant,Low-Maintenance,Low-Growing Plant,Foliage Plant,Pet-Friendly Plants,
Rubber Tree,Ficus elastica,"Rubber Tree is a popular houseplant with large, glossy, dark green leaves. It prefers bright, indirect light and well-draining soil.",Bright Indirect Light,Moderate Watering,Large-Space Plant,Low-Maintenance,Upright Plant,Foliage Plant,Air-Purifying Plants,
Umbrella Tree,Schefflera actinophylla,"Umbrella Tree is an evergreen shrub or small tree with glossy, palmately compound leaves that resemble an umbrella. It prefers bright, indirect light and well-draining soil.",Bright Indirect Light,Moderate Watering,Large-Space Plant,Low-Maintenance,Upright Plant,Foliage Plant,Air-Purifying Plants,
Asparagus Fern,Asparagus spp.,"Asparagus Fern is a group of perennial plants with feathery, fern-like foliage. They prefer bright, indirect light and well-draining soil.",Bright Indirect Light,Moderate Watering,Small-Space Plant,Low-Maintenance,Trailing Plant,Foliage Plant,Pet-Friendly Plants,
Asparagus Fern,Asparagus setaceus,"Asparagus setaceus, also known as Plumosa Fern, is an ornamental plant with feathery, fern-like foliage. It prefers bright, indirect light and well-draining soil.",Bright Indirect Light,Moderate Watering,Small-Space Plant,Low-Maintenance,Trailing Plant,Foliage Plant,Pet-Friendly Plants,
Kangaroo Paw Fern,Microsorum diversifolium,"Kangaroo Paw Fern is an epiphytic fern with long, leathery, finger-like fronds. It prefers bright, indirect light and consistently moist soil.",Bright Indirect Light,Moderate Watering,Small-Space Plant,Low-Maintenance,Trailing Plant,Foliage Plant,Pet-Friendly Plants,
Kimberly Queen Fern,Nephrolepis obliterata,"Kimberly Queen Fern is a lush, upright fern with sword-shaped fronds. It prefers bright, indirect light and consistently moist soil.",Bright Indirect Light,Moderate Watering,Small-Space Plant,Low-Maintenance,Upright Plant,Foliage Plant,Air-Purifying Plants,
Wandering Jew,Tradescantia zebrina,"Wandering Jew is a fast-growing, trailing plant with green and purple striped leaves. It prefers bright, indirect light and well-draining soil.",Bright Indirect Light,Moderate Watering,Small-Space Plant,Low-Maintenance,Trailing Plant,Foliage Plant,Pet-Friendly Plants,
Baby’s Tears,Soleirolia soleirolii,"Baby’s Tears is a low-growing, creeping plant with tiny, round leaves that form a dense, moss-like carpet. It prefers bright, indirect light and consistently moist soil.",Bright Indirect Light,Moderate Watering,Small-Space Plant,Low-Maintenance,Groundcover Plant,Foliage Plant,Pet-Friendly Plants,
Bolivian Jew,Callisia repens,"Bolivian Jew is a low-growing, trailing plant with small, round, succulent-like leaves. It prefers bright, indirect light and well-draining soil.",Bright Indirect Light,Moderate Watering,Small-Space Plant,Low-Maintenance,Trailing Plant,Foliage Plant,Pet-Friendly Plants,
Bridal Veil,Gibasis geniculata,"Bridal Veil is a trailing plant with arching stems covered in small, white flowers. It prefers bright, indirect light and consistently moist soil.",Bright Indirect Light,Moderate Watering,Small-Space Plant,Low-Maintenance,Trailing Plant,Flowering Plant,Fragrant Plants,
Chain Cactus,Rhipsalis spp.,"Chain Cactus is a group of epiphytic cacti with long, pendant, chain-like stems. They prefer bright, indirect light and well-draining soil.",Bright Indirect Light,Moderate Watering,Small-Space Plant,Low-Maintenance,Trailing Plant,Foliage Plant,Unusual or Exotic Plants,
Creeping Charlie,Pilea nummulariifolia,"Creeping Charlie is a fast-growing, trailing plant with round, scalloped leaves. It prefers bright, indirect light and consistently moist soil.",Bright Indirect Light,Moderate Watering,Small-Space Plant,Low-Maintenance,Trailing Plant,Foliage Plant,Pet-Friendly Plants,
Fishbone Cactus,Epiphyllum anguliger,"Fishbone Cactus is an epiphytic cactus with flat, zigzag stems. It prefers bright, indirect light and well-draining soil.",Bright Indirect Light,Moderate Watering,Small-Space Plant,Low-Maintenance,Trailing Plant,Foliage Plant,Unusual or Exotic Plants,
Grape Ivy,Cissus rhombifolia,"Grape Ivy is a trailing plant with lobed, ivy-like leaves. It prefers bright, indirect light and well-draining soil.",Bright Indirect Light,Moderate Watering,Small-Space Plant,Low-Maintenance,Trailing Plant,Foliage Plant,Pet-Friendly Plants,
Mistletoe Cactus,Rhipsalis spp.,"Mistletoe Cactus is an epiphytic cactus with pendant, branching stems. It prefers bright, indirect light and well-draining soil.",Bright Indirect Light,Moderate Watering,Small-Space Plant,Low-Maintenance,Trailing Plant,Foliage Plant,Unusual or Exotic Plants,
Moneywort,Lysimachia nummularia,"Moneywort is a creeping, groundcover plant with round, green leaves and yellow flowers. It prefers partial to full sun and consistently moist soil.",Partial to Full Sun,Moderate Watering,Groundcover Plant,Low-Maintenance,Creeping Plant,Flowering Plant,Pet-Friendly Plants,
Pilea ‘Silver Tree’,Pilea spruceana,"Pilea ‘Silver Tree’ is a small, compact plant with metallic silver foliage. It prefers bright, indirect light and well-draining soil.",Bright Indirect Light,Moderate Watering,Small-Space Plant,Low-Maintenance,Compact Plant,Foliage Plant,Pet-Friendly Plants,
Purple Heart,Tradescantia pallida,"Purple Heart is a trailing plant with purple, lance-shaped leaves and small pink flowers. It prefers partial to full sun and well-draining soil.",Partial to Full Sun,Moderate Watering,Small-Space Plant,Low-Maintenance,Trailing Plant,Flowering Plant,Pet-Friendly Plants,
Purple Passion,Gynura aurantiaca,"Purple Passion is a unique plant with velvety, purple-green leaves. It prefers bright, indirect light and well-draining soil.",Bright Indirect Light,Moderate Watering,Small-Space Plant,Low-Maintenance,Upright Plant,Foliage Plant,Unusual or Exotic Plants,
Spiderwort,Tradescantia spp.,"Spiderwort is a group of trailing plants with lance-shaped leaves and three-petaled flowers. They prefer bright, indirect light and well-draining soil.",Bright Indirect Light,Moderate Watering,Small-Space Plant,Low-Maintenance,Trailing Plant,Flowering Plant,Pet-Friendly Plants,
Swedish Ivy,Plectranthus spp.,"Swedish Ivy is a trailing plant with rounded, scalloped leaves and spikes of tubular flowers. It prefers bright, indirect light and well-draining soil.",Bright Indirect Light,Moderate Watering,Small-Space Plant,Low-Maintenance,Trailing Plant,Flowering Plant,Pet-Friendly Plants,
Tradescantia ‘Nanouk’,Tradescantia spp. ‘Nanouk’,"A vibrant, fast-growing plant that boasts pink, green, and white striped leaves. Tradescantia ‘Nanouk’ is beloved for its eye-catching foliage and effortless care.",Medium-Light,Drought Tolerant,Small-Space Plant,Low-Maintenance,Trailing,Foliage,,
Silver Pothos,Scindapsus pictus,"An elegant, vining plant adorned with silver-splashed, heart-shaped leaves. The Silver Pothos adds a touch of glamour and interest to any indoor setting.",Low-Light,Moisture-Loving,Small-Space Plant,Low-Maintenance,Climbing and Trailing,Foliage,Air-Purifying,
Golden Pothos,Epipremnum aureum,"A resilient, trailing plant with heart-shaped leaves featuring golden-yellow variegation. The Golden Pothos is a favorite among indoor gardeners for its adaptability and low-maintenance nature.",Low-Light,Drought Tolerant,Small-Space Plant,Low-Maintenance,Climbing and Trailing,Foliage,Air-Purifying,
Satin Pothos,Scindapsus pictus ‘Argyraeus’,"A sophisticated vining plant with velvety, heart-shaped leaves adorned with silver patterns. The Satin Pothos adds a touch of refinement to any space while being easy to care for.",Low-Light,Moisture-Loving,Small-Space Plant,Low-Maintenance,Climbing and Trailing,Foliage,Air-Purifying,
Peace Lily,Spathiphyllum wallisii,"An elegant plant with dark green, glossy leaves and striking white blooms that resemble a calla lily. Peace Lilies are known for their air-purifying capabilities and relatively low-maintenance care.",Low-Light,Moisture-Loving,Medium-Space Plant,Moderate-Maintenance,Upright,Flowering,"Air-Purifying, Fragrant",
Fern,Nephrolepis exaltata,"A classic, feathery indoor plant that brings a touch of the outdoors inside. Boston Ferns are appreciated for their lush, green fronds and air-purifying properties.",Medium-Light,Moisture-Loving,Medium-Space Plant,Moderate-Maintenance,Bushy and Spreading,Foliage,Air-Purifying,
Bamboo Palm,Chamaedorea seifrizii,"A graceful, tropical palm with slender, arching stems and delicate, feathather-like fronds. Bamboo Palms infuse any indoor space with an exotic ambiance while also purifying the air.",Medium-Light,Moisture-Loving,Large-Space Plant,Moderate-Maintenance,Upright,Foliage,Air-Purifying,
Philodendron Heartleaf,Philodendron hederaceum,"A charming, vining plant with heart-shaped leaves in a glossy, deep green hue. The Heartleaf Philodendron is prized for its adaptability and low-maintenance care requirements.",Low-Light,Drought Tolerant,Small-Space Plant,Low-Maintenance,Climbing and Trailing,Foliage,Air-Purifying,
Dracaena Janet Craig,Dracaena deremensis ‘Janet Craig’,"An attractive, low-maintenance plant with long, dark green leaves that arch gracefully from the central stalk. Dracaena Janet Craig is a popular choice for its air-purifying abilities and undemanding care.",Low-Light,Drought Tolerant,Medium-Space Plant,Low-Maintenance,Upright,Foliage,Air-Purifying,
Chinese Evergreen,Aglaonema commutatum,"A versatile, easy-care plant with striking, variegated leaves that come in a range of colors and patterns. Chinese Evergreens are valued for their ability to tolerate low-light conditions and purify indoor air.",Low-Light,Drought Tolerant,Small-Space Plant,Low-Maintenance,Bushy and Spreading,Foliage,Air-Purifying,
Gerbera Daisy,Gerbera jamesonii,"A bright and cheerful flowering plant with large, daisy-like blooms in a variety of vibrant colors. Gerbera Daisies are not only visually stunning but also effective at purifying the air.",High-Light,Drought Tolerant,Small-Space Plant,Moderate-Maintenance,Upright,Flowering,"Air-Purifying, Fragrant",
Barberton Daisy,Gerbera jamesonii,"A close relative of the Gerbera Daisy, the Barberton Daisy produces large, colorful blooms that add a pop of color and cheer to any indoor space. It also helps to purify the air.",High-Light,Drought Tolerant,Small-Space Plant,Moderate-Maintenance,Upright,Flowering,"Air-Purifying, Fragrant",
Florist’s Chrysanthemum,Chrysanthemum morifolium,"A stunning plant with large, brightly colored blooms that come in a variety of hues. Florist’s Chrysanthemums are not only visually captivating but also known for their air-purifying properties.",High-Light,Moisture-Loving,Medium-Space Plant,Moderate-Maintenance,Upright,Flowering,"Air-Purifying, Fragrant",
Heartleaf Philodendron,Philodendron cordatum,"A lovely, vining plant with heart-shaped, deep green leaves. The Heartleaf Philodendron is appreciated for its adaptability and easy-care nature.",Low-Light,Drought Tolerant,Small-Space Plant,Low-Maintenance,Climbing and Trailing,Foliage,Air-Purifying,
Red-Edged Dracaena,Dracaena marginata,"A striking plant with long, slender leaves edged in red, the Red-Edged Dracaena adds a touch of drama to any space. It is also valued for its air-purifying abilities and low-maintenance care requirements.",Low-Light,Drought Tolerant,Medium-Space Plant,Low-Maintenance,Upright,Foliage,Air-Purifying,
Parlor Palm,Chamaedorea elegans,"A compact, slow-growing palm with feathery fronds, the Parlor Palm is perfect for adding a tropical touch to smaller spaces. It is also known for its air-purifying properties.",Low-Light,Moisture-Loving,Small-Space Plant,Low-Maintenance,Upright,Foliage,Air-Purifying,
Money Plant,Epipremnum aureum ‘Marble Queen’,"A popular, variegated variety of the Golden Pothos, the Money Plant features striking, marbled green and white leaves. This easy-care plant is perfect for beginners and is known for its air-purifying properties.",Low-Light,Drought Tolerant,Small-Space Plant,Low-Maintenance,Climbing and Trailing,Foliage,Air-Purifying,
Umbrella Tree,Schefflera arboricola,"A versatile and attractive indoor plant, the Umbrella Tree features glossy, palmate leaves that resemble an open umbrella. This plant is valued for its easy-care nature and ability to adapt to various light conditions.",Medium-Light,Drought Tolerant,Medium-Space Plant,Low-Maintenance,Upright,Foliage,Air-Purifying,
Dumb Cane,Dieffenbachia seguine,"An eye-catching plant with large, variegated leaves featuring shades of green, cream, and white. The Dumb Cane is known for its air-purifying abilities, but it should be handled with care as its sap can be irritating.",Low-Light,Moisture-Loving,Medium-Space Plant,Moderate-Maintenance,Upright,Foliage,Air-Purifying,
Silver Queen,Aglaonema ‘Silver Queen’,"A stunning variety of the Chinese Evergreen, the Silver Queen features silvery-green, variegated leaves that add a touch of elegance to any indoor space. This plant is appreciated for its low-maintenance care and air-purifying abilities.",Low-Light,Drought Tolerant,Small-Space Plant,Low-Maintenance,Bushy and Spreading,Foliage,Air-Purifying,
Warneck Dracaena,Dracaena deremensis ‘Warneckii’,"An attractive, upright plant with long, sword-like leaves featuring white and green variegation. The Warneck Dracaena is not only visually appealing but also effective at purifying indoor air.",Low-Light,Drought Tolerant,Medium-Space Plant,Low-Maintenance,Upright,Foliage,Air-Purifying,
